{
    "train_accuracy": 0.7516051364365971,
    "train_precision_macro": 0.7216783638431856,
    "train_recall_macro": 0.705829798027063,
    "train_f1_macro": 0.7042291093869899,
    "test_accuracy": 0.6772216547497446,
    "test_precision_macro": 0.6266911964365557,
    "test_recall_macro": 0.6253623198245676,
    "test_f1_macro": 0.6187255354407187,
    "best_cv_f1_macro": 0.6228099837283718,
    "train_rows": 27412,
    "test_rows": 6853,
    "total_rows": 34265
}